1495412546.24658|192.168.0.122|12345|{"type":"data","name":"plate","t":245620,"v":-0.5016,"adc":0}
1495412546.25664|192.168.0.122|12345|{"type":"data","name":"plate","t":245630,"v":-0.4127,"adc":0}
1495412546.26656|192.168.0.122|12345|{"type":"data","name":"plate","t":245640,"v":-0.3197,"adc":0}
1495412546.27660|192.168.0.122|12345|{"type":"data","name":"plate","t":245650,"v":-0.2235,"adc":0}
1495412546.28653|192.168.0.122|12345|{"type":"data","name":"plate","t":245660,"v":-0.1251,"adc":0}
1495412546.29656|192.168.0.122|12345|{"type":"data","name":"plate","t":245670,"v":-0.0255,"adc":0}
1495412546.30652|192.168.0.122|12345|{"type":"data","name":"plate","t":245680,"v":0.0745,"adc":0}
1495412546.31664|192.168.0.122|12345|{"type":"data","name":"plate","t":245690,"v":0.1737,"adc":0}
1495412546.32826|192.168.0.122|12345|{"type":"data","name":"plate","t":245700,"v":0.2711,"adc":0}
1495412546.33793|192.168.0.122|12345|{"type":"data","name":"plate","t":245710,"v":0.3658,"adc":0}
1495412546.34660|192.168.0.122|12345|{"type":"data","name":"plate","t":245720,"v":0.4569,"adc":0}
1495412546.35665|192.168.0.122|12345|{"type":"data","name":"plate","t":245730,"v":0.5435,"adc":0}
1495412546.36656|192.168.0.122|12345|{"type":"data","name":"plate","t":245740,"v":0.6245,"adc":0}
1495412546.37654|192.168.0.122|12345|{"type":"data","name":"plate","t":245750,"v":0.6994,"adc":0}
1495412546.38768|192.168.0.122|12345|{"type":"data","name":"plate","t":245760,"v":0.7673,"adc":0}
1495412546.39664|192.168.0.122|12345|{"type":"data","name":"plate","t":245770,"v":0.8274,"adc":0}
1495412546.40661|192.168.0.122|12345|{"type":"data","name":"plate","t":245780,"v":0.8794,"adc":0}
1495412546.41660|192.168.0.122|12345|{"type":"data","name":"plate","t":245790,"v":0.9225,"adc":0}
1495412546.42657|192.168.0.122|12345|{"type":"data","name":"plate","t":245800,"v":0.9564,"adc":0}
1495412546.43823|192.168.0.122|12345|{"type":"data","name":"plate","t":245810,"v":0.9808,"adc":0}
1495412546.44672|192.168.0.122|12345|{"type":"data","name":"plate","t":245820,"v":0.9954,"adc":0}
1495412546.45666|192.168.0.122|12345|{"type":"data","name":"plate","t":245830,"v":1.0000,"adc":0}
1495412546.46666|192.168.0.122|12345|{"type":"data","name":"plate","t":245840,"v":0.9946,"adc":0}
1495412546.47658|192.168.0.122|12345|{"type":"data","name":"plate","t":245850,"v":0.9793,"adc":0}
1495412546.48663|192.168.0.122|12345|{"type":"data","name":"plate","t":245860,"v":0.9542,"adc":0}
1495412546.49662|192.168.0.122|12345|{"type":"data","name":"plate","t":245870,"v":0.9196,"adc":0}
1495412546.50662|192.168.0.122|12345|{"type":"data","name":"plate","t":245880,"v":0.8758,"adc":0}
1495412546.51661|192.168.0.122|12345|{"type":"data","name":"plate","t":245890,"v":0.8232,"adc":0}
1495412546.52673|192.168.0.122|12345|{"type":"data","name":"plate","t":245900,"v":0.7624,"adc":0}
1495412546.53776|192.168.0.122|12345|{"type":"data","name":"plate","t":245910,"v":0.6940,"adc":0}
1495412546.54735|192.168.0.122|12345|{"type":"data","name":"plate","t":245920,"v":0.6187,"adc":0}
1495412546.55666|192.168.0.122|12345|{"type":"data","name":"plate","t":245930,"v":0.5371,"adc":0}
1495412546.56670|192.168.0.122|12345|{"type":"data","name":"plate","t":245940,"v":0.4503,"adc":0}
1495412546.57661|192.168.0.122|12345|{"type":"data","name":"plate","t":245950,"v":0.3589,"adc":0}
1495412546.58656|192.168.0.122|12345|{"type":"data","name":"plate","t":245960,"v":0.2639,"adc":0}
1495412546.59663|192.168.0.122|12345|{"type":"data","name":"plate","t":245970,"v":0.1663,"adc":0}
1495412546.60661|192.168.0.122|12345|{"type":"data","name":"plate","t":245980,"v":0.0670,"adc":0}
1495412546.61661|192.168.0.122|12345|{"type":"data","name":"plate","t":245990,"v":-0.0329,"adc":0}
1495412546.62668|192.168.0.122|12345|{"type":"data","name":"plate","t":246000,"v":-0.1326,"adc":0}
1495412546.63705|192.168.0.122|12345|{"type":"data","name":"plate","t":246010,"v":-0.2309,"adc":0}
1495412546.64663|192.168.0.122|12345|{"type":"data","name":"plate","t":246020,"v":-0.3268,"adc":0}
1495412546.65655|192.168.0.122|12345|{"type":"data","name":"plate","t":246030,"v":-0.4196,"adc":0}
1495412546.66666|192.168.0.122|12345|{"type":"data","name":"plate","t":246040,"v":-0.5081,"adc":0}
1495412546.67653|192.168.0.122|12345|{"type":"data","name":"plate","t":246050,"v":-0.5915,"adc":0}
1495412546.68655|192.168.0.122|12345|{"type":"data","name":"plate","t":246060,"v":-0.6691,"adc":0}
1495412546.69658|192.168.0.122|12345|{"type":"data","name":"plate","t":246070,"v":-0.7399,"adc":0}
1495412546.70655|192.168.0.122|12345|{"type":"data","name":"plate","t":246080,"v":-0.8034,"adc":0}
1495412546.71660|192.168.0.122|12345|{"type":"data","name":"plate","t":246090,"v":-0.8588,"adc":0}
1495412546.72658|192.168.0.122|12345|{"type":"data","name":"plate","t":246100,"v":-0.9057,"adc":0}
1495412546.73668|192.168.0.122|12345|{"type":"data","name":"plate","t":246110,"v":-0.9435,"adc":0}
1495412546.74731|192.168.0.122|12345|{"type":"data","name":"plate","t":246120,"v":-0.9718,"adc":0}
1495412546.75665|192.168.0.122|12345|{"type":"data","name":"plate","t":246130,"v":-0.9905,"adc":0}
1495412546.76671|192.168.0.122|12345|{"type":"data","name":"plate","t":246140,"v":-0.9993,"adc":0}
1495412546.77670|192.168.0.122|12345|{"type":"data","name":"plate","t":246150,"v":-0.9981,"adc":0}
1495412546.78659|192.168.0.122|12345|{"type":"data","name":"plate","t":246160,"v":-0.9869,"adc":0}
1495412546.79750|192.168.0.122|12345|{"type":"data","name":"plate","t":246170,"v":-0.9658,"adc":0}
1495412546.80664|192.168.0.122|12345|{"type":"data","name":"plate","t":246180,"v":-0.9351,"adc":0}
1495412546.81663|192.168.0.122|12345|{"type":"data","name":"plate","t":246190,"v":-0.8951,"adc":0}
1495412546.82660|192.168.0.122|12345|{"type":"data","name":"plate","t":246200,"v":-0.8461,"adc":0}
1495412546.83656|192.168.0.122|12345|{"type":"data","name":"plate","t":246210,"v":-0.7887,"adc":0}
1495412546.84792|192.168.0.122|12345|{"type":"data","name":"plate","t":246220,"v":-0.7233,"adc":0}
1495412546.85655|192.168.0.122|12345|{"type":"data","name":"plate","t":246230,"v":-0.6508,"adc":0}
1495412546.86671|192.168.0.122|12345|{"type":"data","name":"plate","t":246240,"v":-0.5718,"adc":0}
1495412546.87666|192.168.0.122|12345|{"type":"data","name":"plate","t":246250,"v":-0.4870,"adc":0}
1495412546.88652|192.168.0.122|12345|{"type":"data","name":"plate","t":246260,"v":-0.3974,"adc":1}
1495412546.89660|192.168.0.122|12345|{"type":"data","name":"plate","t":246270,"v":-0.3038,"adc":0}
1495412546.90662|192.168.0.122|12345|{"type":"data","name":"plate","t":246280,"v":-0.2071,"adc":0}
1495412546.91659|192.168.0.122|12345|{"type":"data","name":"plate","t":246290,"v":-0.1084,"adc":0}
1495412546.92660|192.168.0.122|12345|{"type":"data","name":"plate","t":246300,"v":-0.0086,"adc":0}
1495412546.93666|192.168.0.122|12345|{"type":"data","name":"plate","t":246310,"v":0.0912,"adc":0}
1495412546.94718|192.168.0.122|12345|{"type":"data","name":"plate","t":246320,"v":0.1902,"adc":1}
1495412546.95681|192.168.0.122|12345|{"type":"data","name":"plate","t":246330,"v":0.2873,"adc":0}
1495412546.96657|192.168.0.122|12345|{"type":"data","name":"plate","t":246340,"v":0.3814,"adc":0}
1495412546.97664|192.168.0.122|12345|{"type":"data","name":"plate","t":246350,"v":0.4718,"adc":0}
1495412546.98656|192.168.0.122|12345|{"type":"data","name":"plate","t":246360,"v":0.5575,"adc":0}
1495412546.99662|192.168.0.122|12345|{"type":"data","name":"plate","t":246370,"v":0.6376,"adc":0}
1495412547.00665|192.168.0.122|12345|{"type":"data","name":"plate","t":246380,"v":0.7113,"adc":0}
1495412547.01666|192.168.0.122|12345|{"type":"data","name":"plate","t":246390,"v":0.7779,"adc":0}
1495412547.02663|192.168.0.122|12345|{"type":"data","name":"plate","t":246400,"v":0.8368,"adc":0}
1495412547.03667|192.168.0.122|12345|{"type":"data","name":"plate","t":246410,"v":0.8873,"adc":0}
1495412547.04822|192.168.0.122|12345|{"type":"data","name":"plate","t":246420,"v":0.9289,"adc":0}
1495412547.05785|192.168.0.122|12345|{"type":"data","name":"plate","t":246430,"v":0.9612,"adc":0}
1495412547.06655|192.168.0.122|12345|{"type":"data","name":"plate","t":246440,"v":0.9839,"adc":0}
1495412547.07676|192.168.0.122|12345|{"type":"data","name":"plate","t":246450,"v":0.9968,"adc":0}
1495412547.08658|192.168.0.122|12345|{"type":"data","name":"plate","t":246460,"v":0.9998,"adc":0}
1495412547.09653|192.168.0.122|12345|{"type":"data","name":"plate","t":246470,"v":0.9927,"adc":0}
1495412547.10656|192.168.0.122|12345|{"type":"data","name":"plate","t":246480,"v":0.9758,"adc":0}
1495412547.11661|192.168.0.122|12345|{"type":"data","name":"plate","t":246490,"v":0.9491,"adc":0}
1495412547.12658|192.168.0.122|12345|{"type":"data","name":"plate","t":246500,"v":0.9129,"adc":0}
1495412547.13666|192.168.0.122|12345|{"type":"data","name":"plate","t":246510,"v":0.8675,"adc":0}
1495412547.14758|192.168.0.122|12345|{"type":"data","name":"plate","t":246520,"v":0.8136,"adc":0}
1495412547.15712|192.168.0.122|12345|{"type":"data","name":"plate","t":246530,"v":0.7514,"adc":0}
1495412547.16666|192.168.0.122|12345|{"type":"data","name":"plate","t":246540,"v":0.6818,"adc":0}
1495412547.17667|192.168.0.122|12345|{"type":"data","name":"plate","t":246550,"v":0.6054,"adc":0}
1495412547.18660|192.168.0.122|12345|{"type":"data","name":"plate","t":246560,"v":0.5229,"adc":0}
1495412547.19655|192.168.0.122|12345|{"type":"data","name":"plate","t":246570,"v":0.4352,"adc":0}
1495412547.20654|192.168.0.122|12345|{"type":"data","name":"plate","t":246580,"v":0.3431,"adc":0}
1495412547.21663|192.168.0.122|12345|{"type":"data","name":"plate","t":246590,"v":0.2476,"adc":0}
1495412547.22656|192.168.0.122|12345|{"type":"data","name":"plate","t":246600,"v":0.1497,"adc":0}
1495412547.23661|192.168.0.122|12345|{"type":"data","name":"plate","t":246610,"v":0.0502,"adc":0}
1495412547.24662|192.168.0.122|12345|{"type":"data","name":"plate","t":246620,"v":-0.0497,"adc":0}
1495412547.25742|192.168.0.122|12345|{"type":"data","name":"plate","t":246630,"v":-0.1492,"adc":0}
1495412547.26659|192.168.0.122|12345|{"type":"data","name":"plate","t":246640,"v":-0.2472,"adc":0}
1495412547.27663|192.168.0.122|12345|{"type":"data","name":"plate","t":246650,"v":-0.3427,"adc":0}
1495412547.28664|192.168.0.122|12345|{"type":"data","name":"plate","t":246660,"v":-0.4348,"adc":0}
1495412547.29662|192.168.0.122|12345|{"type":"data","name":"plate","t":246670,"v":-0.5225,"adc":0}
1495412547.30664|192.168.0.122|12345|{"type":"data","name":"plate","t":246680,"v":-0.6050,"adc":0}
1495412547.31661|192.168.0.122|12345|{"type":"data","name":"plate","t":246690,"v":-0.6815,"adc":0}
1495412547.32668|192.168.0.122|12345|{"type":"data","name":"plate","t":246700,"v":-0.7511,"adc":0}
1495412547.33657|192.168.0.122|12345|{"type":"data","name":"plate","t":246710,"v":-0.8133,"adc":0}
1495412547.34657|192.168.0.122|12345|{"type":"data","name":"plate","t":246720,"v":-0.8673,"adc":0}
1495412547.35837|192.168.0.122|12345|{"type":"data","name":"plate","t":246730,"v":-0.9127,"adc":0}
1495412547.36670|192.168.0.122|12345|{"type":"data","name":"plate","t":246740,"v":-0.9489,"adc":0}
1495412547.37673|192.168.0.122|12345|{"type":"data","name":"plate","t":246750,"v":-0.9757,"adc":0}
1495412547.38659|192.168.0.122|12345|{"type":"data","name":"plate","t":246760,"v":-0.9927,"adc":0}
1495412547.39656|192.168.0.122|12345|{"type":"data","name":"plate","t":246770,"v":-0.9998,"adc":0}
1495412547.40654|192.168.0.122|12345|{"type":"data","name":"plate","t":246780,"v":-0.9969,"adc":0}
1495412547.41667|192.168.0.122|12345|{"type":"data","name":"plate","t":246790,"v":-0.9840,"adc":0}
1495412547.42668|192.168.0.122|12345|{"type":"data","name":"plate","t":246800,"v":-0.9613,"adc":0}
1495412547.43666|192.168.0.122|12345|{"type":"data","name":"plate","t":246810,"v":-0.9290,"adc":0}
1495412547.44660|192.168.0.122|12345|{"type":"data","name":"plate","t":246820,"v":-0.8875,"adc":0}
1495412547.45773|192.168.0.122|12345|{"type":"data","name":"plate","t":246830,"v":-0.8370,"adc":0}
1495412547.46869|192.168.0.122|12345|{"type":"data","name":"plate","t":246840,"v":-0.7782,"adc":0}
1495412547.47659|192.168.0.122|12345|{"type":"data","name":"plate","t":246850,"v":-0.7116,"adc":0}
1495412547.48663|192.168.0.122|12345|{"type":"data","name":"plate","t":246860,"v":-0.6379,"adc":0}
1495412547.49656|192.168.0.122|12345|{"type":"data","name":"plate","t":246870,"v":-0.5579,"adc":0}
1495412547.50666|192.168.0.122|12345|{"type":"data","name":"plate","t":246880,"v":-0.4722,"adc":0}
1495412547.51665|192.168.0.122|12345|{"type":"data","name":"plate","t":246890,"v":-0.3819,"adc":0}
1495412547.52668|192.168.0.122|12345|{"type":"data","name":"plate","t":246900,"v":-0.2877,"adc":0}
1495412547.53662|192.168.0.122|12345|{"type":"data","name":"plate","t":246910,"v":-0.1907,"adc":0}
1495412547.54661|192.168.0.122|12345|{"type":"data","name":"plate","t":246920,"v":-0.0917,"adc":0}
1495412547.55873|192.168.0.122|12345|{"type":"data","name":"plate","t":246930,"v":0.0082,"adc":0}
1495412547.56796|192.168.0.122|12345|{"type":"data","name":"plate","t":246940,"v":0.1080,"adc":0}
1495412547.57663|192.168.0.122|12345|{"type":"data","name":"plate","t":246950,"v":0.2067,"adc":0}
1495412547.58666|192.168.0.122|12345|{"type":"data","name":"plate","t":246960,"v":0.3033,"adc":0}
1495412547.59664|192.168.0.122|12345|{"type":"data","name":"plate","t":246970,"v":0.3969,"adc":0}
1495412547.60659|192.168.0.122|12345|{"type":"data","name":"plate","t":246980,"v":0.4866,"adc":0}
1495412547.61657|192.168.0.122|12345|{"type":"data","name":"plate","t":246990,"v":0.5714,"adc":0}
1495412547.62667|192.168.0.122|12345|{"type":"data","name":"plate","t":247000,"v":0.6504,"adc":0}
1495412547.63664|192.168.0.122|12345|{"type":"data","name":"plate","t":247010,"v":0.7230,"adc":0}
1495412547.64660|192.168.0.122|12345|{"type":"data","name":"plate","t":247020,"v":0.7884,"adc":0}
1495412547.65797|192.168.0.122|12345|{"type":"data","name":"plate","t":247030,"v":0.8459,"adc":0}
1495412547.66728|192.168.0.122|12345|{"type":"data","name":"plate","t":247040,"v":0.8949,"adc":0}
1495412547.67666|192.168.0.122|12345|{"type":"data","name":"plate","t":247050,"v":0.9350,"adc":0}
1495412547.68672|192.168.0.122|12345|{"type":"data","name":"plate","t":247060,"v":0.9657,"adc":0}
1495412547.69658|192.168.0.122|12345|{"type":"data","name":"plate","t":247070,"v":0.9868,"adc":0}
1495412547.70667|192.168.0.122|12345|{"type":"data","name":"plate","t":247080,"v":0.9980,"adc":1}
1495412547.72036|192.168.0.122|12345|{"type":"data","name":"plate","t":247090,"v":0.9993,"adc":0}
1495412547.72659|192.168.0.122|12345|{"type":"data","name":"plate","t":247100,"v":0.9906,"adc":0}
1495412547.73661|192.168.0.122|12345|{"type":"data","name":"plate","t":247110,"v":0.9720,"adc":0}
1495412547.74658|192.168.0.122|12345|{"type":"data","name":"plate","t":247120,"v":0.9436,"adc":0}
1495412547.75666|192.168.0.122|12345|{"type":"data","name":"plate","t":247130,"v":0.9059,"adc":0}
1495412547.76977|192.168.0.122|12345|{"type":"data","name":"plate","t":247140,"v":0.8591,"adc":0}
1495412547.77657|192.168.0.122|12345|{"type":"data","name":"plate","t":247150,"v":0.8037,"adc":0}
1495412547.78686|192.168.0.122|12345|{"type":"data","name":"plate","t":247160,"v":0.7402,"adc":0}
1495412547.79667|192.168.0.122|12345|{"type":"data","name":"plate","t":247170,"v":0.6694,"adc":0}
1495412547.80661|192.168.0.122|12345|{"type":"data","name":"plate","t":247180,"v":0.5919,"adc":0}
1495412547.81656|192.168.0.122|12345|{"type":"data","name":"plate","t":247190,"v":0.5085,"adc":0}
1495412547.82659|192.168.0.122|12345|{"type":"data","name":"plate","t":247200,"v":0.4200,"adc":1}
1495412547.83661|192.168.0.122|12345|{"type":"data","name":"plate","t":247210,"v":0.3273,"adc":0}
1495412547.84661|192.168.0.122|12345|{"type":"data","name":"plate","t":247220,"v":0.2313,"adc":0}
1495412547.85663|192.168.0.122|12345|{"type":"data","name":"plate","t":247230,"v":0.1330,"adc":0}
1495412547.86889|192.168.0.122|12345|{"type":"data","name":"plate","t":247240,"v":0.0334,"adc":0}
1495412547.87992|192.168.0.122|12345|{"type":"data","name":"plate","t":247250,"v":-0.0665,"adc":0}
1495412547.88660|192.168.0.122|12345|{"type":"data","name":"plate","t":247260,"v":-0.1658,"adc":0}
1495412547.89670|192.168.0.122|12345|{"type":"data","name":"plate","t":247270,"v":-0.2634,"adc":0}
1495412547.90663|192.168.0.122|12345|{"type":"data","name":"plate","t":247280,"v":-0.3584,"adc":0}
1495412547.91666|192.168.0.122|12345|{"type":"data","name":"plate","t":247290,"v":-0.4498,"adc":0}
1495412547.92666|192.168.0.122|12345|{"type":"data","name":"plate","t":247300,"v":-0.5368,"adc":0}
1495412547.93653|192.168.0.122|12345|{"type":"data","name":"plate","t":247310,"v":-0.6183,"adc":0}
1495412547.94658|192.168.0.122|12345|{"type":"data","name":"plate","t":247320,"v":-0.6937,"adc":0}
1495412547.95663|192.168.0.122|12345|{"type":"data","name":"plate","t":247330,"v":-0.7621,"adc":0}
1495412547.96822|192.168.0.122|12345|{"type":"data","name":"plate","t":247340,"v":-0.8229,"adc":0}
1495412547.98062|192.168.0.122|12345|{"type":"data","name":"plate","t":247350,"v":-0.8756,"adc":0}
1495412547.98664|192.168.0.122|12345|{"type":"data","name":"plate","t":247360,"v":-0.9194,"adc":0}
1495412547.99672|192.168.0.122|12345|{"type":"data","name":"plate","t":247370,"v":-0.9541,"adc":0}
1495412548.00654|192.168.0.122|12345|{"type":"data","name":"plate","t":247380,"v":-0.9792,"adc":0}
1495412548.01657|192.168.0.122|12345|{"type":"data","name":"plate","t":247390,"v":-0.9946,"adc":0}
1495412548.02655|192.168.0.122|12345|{"type":"data","name":"plate","t":247400,"v":-1.0000,"adc":0}
1495412548.03668|192.168.0.122|12345|{"type":"data","name":"plate","t":247410,"v":-0.9954,"adc":0}
1495412548.04653|192.168.0.122|12345|{"type":"data","name":"plate","t":247420,"v":-0.9809,"adc":0}
1495412548.05669|192.168.0.122|12345|{"type":"data","name":"plate","t":247430,"v":-0.9566,"adc":0}
1495412548.06765|192.168.0.122|12345|{"type":"data","name":"plate","t":247440,"v":-0.9227,"adc":0}
1495412548.07851|192.168.0.122|12345|{"type":"data","name":"plate","t":247450,"v":-0.8796,"adc":0}
1495412548.08660|192.168.0.122|12345|{"type":"data","name":"plate","t":247460,"v":-0.8277,"adc":0}
1495412548.09668|192.168.0.122|12345|{"type":"data","name":"plate","t":247470,"v":-0.7676,"adc":0}
1495412548.10663|192.168.0.122|12345|{"type":"data","name":"plate","t":247480,"v":-0.6997,"adc":0}
1495412548.11665|192.168.0.122|12345|{"type":"data","name":"plate","t":247490,"v":-0.6249,"adc":0}
1495412548.13000|192.168.0.122|12345|{"type":"data","name":"plate","t":247500,"v":-0.5438,"adc":1}
1495412548.13655|192.168.0.122|12345|{"type":"data","name":"plate","t":247510,"v":-0.4573,"adc":0}
1495412548.14661|192.168.0.122|12345|{"type":"data","name":"plate","t":247520,"v":-0.3663,"adc":0}
1495412548.15665|192.168.0.122|12345|{"type":"data","name":"plate","t":247530,"v":-0.2716,"adc":0}
1495412548.16666|192.168.0.122|12345|{"type":"data","name":"plate","t":247540,"v":-0.1741,"adc":0}
1495412548.17769|192.168.0.122|12345|{"type":"data","name":"plate","t":247550,"v":-0.0749,"adc":0}
1495412548.18650|192.168.0.122|12345|{"type":"data","name":"plate","t":247560,"v":0.0250,"adc":0}
1495412548.19665|192.168.0.122|12345|{"type":"data","name":"plate","t":247570,"v":0.1247,"adc":0}
1495412548.20663|192.168.0.122|12345|{"type":"data","name":"plate","t":247580,"v":0.2231,"adc":0}
1495412548.21653|192.168.0.122|12345|{"type":"data","name":"plate","t":247590,"v":0.3193,"adc":0}
1495412548.22660|192.168.0.122|12345|{"type":"data","name":"plate","t":247600,"v":0.4123,"adc":0}
1495412548.23660|192.168.0.122|12345|{"type":"data","name":"plate","t":247610,"v":0.5012,"adc":0}
1495412548.24654|192.168.0.122|12345|{"type":"data","name":"plate","t":247620,"v":0.5851,"adc":1}
1495412548.25660|192.168.0.122|12345|{"type":"data","name":"plate","t":247630,"v":0.6631,"adc":0}
1495412548.26666|192.168.0.122|12345|{"type":"data","name":"plate","t":247640,"v":0.7345,"adc":0}
1495412548.27840|192.168.0.122|12345|{"type":"data","name":"plate","t":247650,"v":0.7986,"adc":0}
1495412548.28783|192.168.0.122|12345|{"type":"data","name":"plate","t":247660,"v":0.8547,"adc":0}
1495412548.29653|192.168.0.122|12345|{"type":"data","name":"plate","t":247670,"v":0.9023,"adc":0}
1495412548.30661|192.168.0.122|12345|{"type":"data","name":"plate","t":247680,"v":0.9408,"adc":0}
1495412548.31654|192.168.0.122|12345|{"type":"data","name":"plate","t":247690,"v":0.9699,"adc":0}
1495412548.32663|192.168.0.122|12345|{"type":"data","name":"plate","t":247700,"v":0.9894,"adc":0}
1495412548.33654|192.168.0.122|12345|{"type":"data","name":"plate","t":247710,"v":0.9990,"adc":0}
1495412548.34661|192.168.0.122|12345|{"type":"data","name":"plate","t":247720,"v":0.9985,"adc":0}
1495412548.35658|192.168.0.122|12345|{"type":"data","name":"plate","t":247730,"v":0.9881,"adc":0}
1495412548.36665|192.168.0.122|12345|{"type":"data","name":"plate","t":247740,"v":0.9679,"adc":0}
1495412548.37932|192.168.0.122|12345|{"type":"data","name":"plate","t":247750,"v":0.9379,"adc":0}
1495412548.38888|192.168.0.122|12345|{"type":"data","name":"plate","t":247760,"v":0.8986,"adc":0}
1495412548.39655|192.168.0.122|12345|{"type":"data","name":"plate","t":247770,"v":0.8503,"adc":0}
1495412548.40666|192.168.0.122|12345|{"type":"data","name":"plate","t":247780,"v":0.7935,"adc":0}
1495412548.41657|192.168.0.122|12345|{"type":"data","name":"plate","t":247790,"v":0.7288,"adc":0}
1495412548.42661|192.168.0.122|12345|{"type":"data","name":"plate","t":247800,"v":0.6568,"adc":1}
1495412548.43662|192.168.0.122|12345|{"type":"data","name":"plate","t":247810,"v":0.5783,"adc":0}
1495412548.44661|192.168.0.122|12345|{"type":"data","name":"plate","t":247820,"v":0.4939,"adc":0}
1495412548.45652|192.168.0.122|12345|{"type":"data","name":"plate","t":247830,"v":0.4047,"adc":0}
1495412548.46656|192.168.0.122|12345|{"type":"data","name":"plate","t":247840,"v":0.3113,"adc":0}
1495412548.47718|192.168.0.122|12345|{"type":"data","name":"plate","t":247850,"v":0.2149,"adc":0}
1495412548.48806|192.168.0.122|12345|{"type":"data","name":"plate","t":247860,"v":0.1163,"adc":0}
1495412548.49660|192.168.0.122|12345|{"type":"data","name":"plate","t":247870,"v":0.0166,"adc":0}
1495412548.50671|192.168.0.122|12345|{"type":"data","name":"plate","t":247880,"v":-0.0833,"adc":0}
1495412548.51665|192.168.0.122|12345|{"type":"data","name":"plate","t":247890,"v":-0.1824,"adc":0}
1495412548.52666|192.168.0.122|12345|{"type":"data","name":"plate","t":247900,"v":-0.2796,"adc":0}
1495412548.53661|192.168.0.122|12345|{"type":"data","name":"plate","t":247910,"v":-0.3741,"adc":0}
1495412548.54659|192.168.0.122|12345|{"type":"data","name":"plate","t":247920,"v":-0.4648,"adc":0}
1495412548.55664|192.168.0.122|12345|{"type":"data","name":"plate","t":247930,"v":-0.5509,"adc":0}
1495412548.56654|192.168.0.122|12345|{"type":"data","name":"plate","t":247940,"v":-0.6314,"adc":0}
1495412548.57659|192.168.0.122|12345|{"type":"data","name":"plate","t":247950,"v":-0.7057,"adc":0}
1495412548.58716|192.168.0.122|12345|{"type":"data","name":"plate","t":247960,"v":-0.7729,"adc":0}
1495412548.59665|192.168.0.122|12345|{"type":"data","name":"plate","t":247970,"v":-0.8324,"adc":0}
1495412548.60663|192.168.0.122|12345|{"type":"data","name":"plate","t":247980,"v":-0.8836,"adc":0}
1495412548.61667|192.168.0.122|12345|{"type":"data","name":"plate","t":247990,"v":-0.9259,"adc":0}
1495412548.62667|192.168.0.122|12345|{"type":"data","name":"plate","t":248000,"v":-0.9590,"adc":0}
1495412548.63671|192.168.0.122|12345|{"type":"data","name":"plate","t":248010,"v":-0.9825,"adc":0}
1495412548.64668|192.168.0.122|12345|{"type":"data","name":"plate","t":248020,"v":-0.9962,"adc":0}
1495412548.65662|192.168.0.122|12345|{"type":"data","name":"plate","t":248030,"v":-0.9999,"adc":0}
1495412548.66667|192.168.0.122|12345|{"type":"data","name":"plate","t":248040,"v":-0.9937,"adc":0}
1495412548.67661|192.168.0.122|12345|{"type":"data","name":"plate","t":248050,"v":-0.9775,"adc":0}
1495412548.68802|192.168.0.122|12345|{"type":"data","name":"plate","t":248060,"v":-0.9515,"adc":0}
1495412548.69769|192.168.0.122|12345|{"type":"data","name":"plate","t":248070,"v":-0.9161,"adc":0}
1495412548.70656|192.168.0.122|12345|{"type":"data","name":"plate","t":248080,"v":-0.8715,"adc":0}
1495412548.71671|192.168.0.122|12345|{"type":"data","name":"plate","t":248090,"v":-0.8182,"adc":0}
1495412548.72658|192.168.0.122|12345|{"type":"data","name":"plate","t":248100,"v":-0.7567,"adc":0}
1495412548.73668|192.168.0.122|12345|{"type":"data","name":"plate","t":248110,"v":-0.6876,"adc":0}
1495412548.74653|192.168.0.122|12345|{"type":"data","name":"plate","t":248120,"v":-0.6117,"adc":0}
1495412548.75664|192.168.0.122|12345|{"type":"data","name":"plate","t":248130,"v":-0.5297,"adc":0}
1495412548.76663|192.168.0.122|12345|{"type":"data","name":"plate","t":248140,"v":-0.4423,"adc":0}
1495412548.77662|192.168.0.122|12345|{"type":"data","name":"plate","t":248150,"v":-0.3506,"adc":0}
1495412548.78888|192.168.0.122|12345|{"type":"data","name":"plate","t":248160,"v":-0.2553,"adc":0}
1495412548.79824|192.168.0.122|12345|{"type":"data","name":"plate","t":248170,"v":-0.1575,"adc":0}
1495412548.80654|192.168.0.122|12345|{"type":"data","name":"plate","t":248180,"v":-0.0582,"adc":0}
1495412548.81673|192.168.0.122|12345|{"type":"data","name":"plate","t":248190,"v":0.0418,"adc":0}
1495412548.82663|192.168.0.122|12345|{"type":"data","name":"plate","t":248200,"v":0.1413,"adc":0}
1495412548.83662|192.168.0.122|12345|{"type":"data","name":"plate","t":248210,"v":0.2395,"adc":0}
1495412548.84664|192.168.0.122|12345|{"type":"data","name":"plate","t":248220,"v":0.3352,"adc":0}
1495412548.85663|192.168.0.122|12345|{"type":"data","name":"plate","t":248230,"v":0.4276,"adc":0}
1495412548.86658|192.168.0.122|12345|{"type":"data","name":"plate","t":248240,"v":0.5157,"adc":0}
1495412548.87658|192.168.0.122|12345|{"type":"data","name":"plate","t":248250,"v":0.5986,"adc":0}
1495412548.88829|192.168.0.122|12345|{"type":"data","name":"plate","t":248260,"v":0.6756,"adc":0}
1495412548.89761|192.168.0.122|12345|{"type":"data","name":"plate","t":248270,"v":0.7458,"adc":0}
1495412548.90663|192.168.0.122|12345|{"type":"data","name":"plate","t":248280,"v":0.8086,"adc":0}
1495412548.91673|192.168.0.122|12345|{"type":"data","name":"plate","t":248290,"v":0.8633,"adc":0}
1495412548.92660|192.168.0.122|12345|{"type":"data","name":"plate","t":248300,"v":0.9094,"adc":0}
1495412548.93665|192.168.0.122|12345|{"type":"data","name":"plate","t":248310,"v":0.9464,"adc":0}
1495412548.94850|192.168.0.122|12345|{"type":"data","name":"plate","t":248320,"v":0.9739,"adc":0}
1495412548.95657|192.168.0.122|12345|{"type":"data","name":"plate","t":248330,"v":0.9917,"adc":0}
1495412548.96661|192.168.0.122|12345|{"type":"data","name":"plate","t":248340,"v":0.9996,"adc":0}
1495412548.97666|192.168.0.122|12345|{"type":"data","name":"plate","t":248350,"v":0.9975,"adc":0}
1495412548.98659|192.168.0.122|12345|{"type":"data","name":"plate","t":248360,"v":0.9854,"adc":0}
1495412548.99821|192.168.0.122|12345|{"type":"data","name":"plate","t":248370,"v":0.9635,"adc":0}
1495412549.00658|192.168.0.122|12345|{"type":"data","name":"plate","t":248380,"v":0.9320,"adc":0}
1495412549.01662|192.168.0.122|12345|{"type":"data","name":"plate","t":248390,"v":0.8911,"adc":0}
1495412549.02665|192.168.0.122|12345|{"type":"data","name":"plate","t":248400,"v":0.8414,"adc":0}
1495412549.03658|192.168.0.122|12345|{"type":"data","name":"plate","t":248410,"v":0.7832,"adc":0}
1495412549.04658|192.168.0.122|12345|{"type":"data","name":"plate","t":248420,"v":0.7172,"adc":0}
1495412549.05656|192.168.0.122|12345|{"type":"data","name":"plate","t":248430,"v":0.6441,"adc":0}
1495412549.06664|192.168.0.122|12345|{"type":"data","name":"plate","t":248440,"v":0.5645,"adc":0}
1495412549.07661|192.168.0.122|12345|{"type":"data","name":"plate","t":248450,"v":0.4792,"adc":0}
1495412549.08651|192.168.0.122|12345|{"type":"data","name":"plate","t":248460,"v":0.3892,"adc":1}
1495412549.09903|192.168.0.122|12345|{"type":"data","name":"plate","t":248470,"v":0.2953,"adc":0}
1495412549.10700|192.168.0.122|12345|{"type":"data","name":"plate","t":248480,"v":0.1985,"adc":0}
1495412549.11656|192.168.0.122|12345|{"type":"data","name":"plate","t":248490,"v":0.0996,"adc":0}
1495412549.12666|192.168.0.122|12345|{"type":"data","name":"plate","t":248500,"v":-0.0002,"adc":0}
1495412549.13655|192.168.0.122|12345|{"type":"data","name":"plate","t":248510,"v":-0.1000,"adc":0}
1495412549.14658|192.168.0.122|12345|{"type":"data","name":"plate","t":248520,"v":-0.1989,"adc":0}
1495412549.15655|192.168.0.122|12345|{"type":"data","name":"plate","t":248530,"v":-0.2957,"adc":0}
1495412549.16665|192.168.0.122|12345|{"type":"data","name":"plate","t":248540,"v":-0.3896,"adc":0}
1495412549.17662|192.168.0.122|12345|{"type":"data","name":"plate","t":248550,"v":-0.4796,"adc":0}
1495412549.18655|192.168.0.122|12345|{"type":"data","name":"plate","t":248560,"v":-0.5648,"adc":0}
1495412549.19707|192.168.0.122|12345|{"type":"data","name":"plate","t":248570,"v":-0.6444,"adc":0}
1495412549.20808|192.168.0.122|12345|{"type":"data","name":"plate","t":248580,"v":-0.7175,"adc":0}
1495412549.21657|192.168.0.122|12345|{"type":"data","name":"plate","t":248590,"v":-0.7835,"adc":0}
1495412549.22674|192.168.0.122|12345|{"type":"data","name":"plate","t":248600,"v":-0.8416,"adc":0}
1495412549.23660|192.168.0.122|12345|{"type":"data","name":"plate","t":248610,"v":-0.8913,"adc":0}
1495412549.24666|192.168.0.122|12345|{"type":"data","name":"plate","t":248620,"v":-0.9321,"adc":0}
1495412549.25662|192.168.0.122|12345|{"type":"data","name":"plate","t":248630,"v":-0.9636,"adc":0}
1495412549.26667|192.168.0.122|12345|{"type":"data","name":"plate","t":248640,"v":-0.9855,"adc":0}
1495412549.27671|192.168.0.122|12345|{"type":"data","name":"plate","t":248650,"v":-0.9975,"adc":0}
1495412549.28660|192.168.0.122|12345|{"type":"data","name":"plate","t":248660,"v":-0.9996,"adc":0}
1495412549.29802|192.168.0.122|12345|{"type":"data","name":"plate","t":248670,"v":-0.9916,"adc":0}
1495412549.30893|192.168.0.122|12345|{"type":"data","name":"plate","t":248680,"v":-0.9738,"adc":0}
1495412549.31657|192.168.0.122|12345|{"type":"data","name":"plate","t":248690,"v":-0.9462,"adc":0}
1495412549.32664|192.168.0.122|12345|{"type":"data","name":"plate","t":248700,"v":-0.9092,"adc":0}
1495412549.33668|192.168.0.122|12345|{"type":"data","name":"plate","t":248710,"v":-0.8631,"adc":0}
1495412549.34667|192.168.0.122|12345|{"type":"data","name":"plate","t":248720,"v":-0.8084,"adc":0}
1495412549.35768|192.168.0.122|12345|{"type":"data","name":"plate","t":248730,"v":-0.7456,"adc":0}
1495412549.36655|192.168.0.122|12345|{"type":"data","name":"plate","t":248740,"v":-0.6753,"adc":0}
1495412549.37667|192.168.0.122|12345|{"type":"data","name":"plate","t":248750,"v":-0.5983,"adc":0}
1495412549.38663|192.168.0.122|12345|{"type":"data","name":"plate","t":248760,"v":-0.5153,"adc":0}
1495412549.39660|192.168.0.122|12345|{"type":"data","name":"plate","t":248770,"v":-0.4272,"adc":0}
1495412549.40783|192.168.0.122|12345|{"type":"data","name":"plate","t":248780,"v":-0.3348,"adc":0}
1495412549.41664|192.168.0.122|12345|{"type":"data","name":"plate","t":248790,"v":-0.2390,"adc":0}
1495412549.42662|192.168.0.122|12345|{"type":"data","name":"plate","t":248800,"v":-0.1409,"adc":0}
1495412549.43655|192.168.0.122|12345|{"type":"data","name":"plate","t":248810,"v":-0.0414,"adc":0}
1495412549.44653|192.168.0.122|12345|{"type":"data","name":"plate","t":248820,"v":0.0586,"adc":0}
1495412549.45659|192.168.0.122|12345|{"type":"data","name":"plate","t":248830,"v":0.1580,"adc":0}
1495412549.46664|192.168.0.122|12345|{"type":"data","name":"plate","t":248840,"v":0.2557,"adc":0}
1495412549.47659|192.168.0.122|12345|{"type":"data","name":"plate","t":248850,"v":0.3510,"adc":0}
1495412549.48661|192.168.0.122|12345|{"type":"data","name":"plate","t":248860,"v":0.4427,"adc":0}
1495412549.49656|192.168.0.122|12345|{"type":"data","name":"plate","t":248870,"v":0.5300,"adc":1}
1495412549.50729|192.168.0.122|12345|{"type":"data","name":"plate","t":248880,"v":0.6120,"adc":0}
1495412549.51665|192.168.0.122|12345|{"type":"data","name":"plate","t":248890,"v":0.6879,"adc":0}
1495412549.52671|192.168.0.122|12345|{"type":"data","name":"plate","t":248900,"v":0.7569,"adc":0}
1495412549.53664|192.168.0.122|12345|{"type":"data","name":"plate","t":248910,"v":0.8184,"adc":0}
1495412549.54657|192.168.0.122|12345|{"type":"data","name":"plate","t":248920,"v":0.8717,"adc":0}
1495412549.55664|192.168.0.122|12345|{"type":"data","name":"plate","t":248930,"v":0.9163,"adc":0}
1495412549.56666|192.168.0.122|12345|{"type":"data","name":"plate","t":248940,"v":0.9517,"adc":0}
1495412549.57661|192.168.0.122|12345|{"type":"data","name":"plate","t":248950,"v":0.9776,"adc":1}
1495412549.58656|192.168.0.122|12345|{"type":"data","name":"plate","t":248960,"v":0.9937,"adc":0}
1495412549.59660|192.168.0.122|12345|{"type":"data","name":"plate","t":248970,"v":0.9999,"adc":0}
1495412549.60809|192.168.0.122|12345|{"type":"data","name":"plate","t":248980,"v":0.9961,"adc":0}
1495412549.61774|192.168.0.122|12345|{"type":"data","name":"plate","t":248990,"v":0.9824,"adc":0}
1495412549.62667|192.168.0.122|12345|{"type":"data","name":"plate","t":249000,"v":0.9589,"adc":0}
1495412549.63669|192.168.0.122|12345|{"type":"data","name":"plate","t":249010,"v":0.9257,"adc":0}
1495412549.64659|192.168.0.122|12345|{"type":"data","name":"plate","t":249020,"v":0.8834,"adc":0}
1495412549.65661|192.168.0.122|12345|{"type":"data","name":"plate","t":249030,"v":0.8322,"adc":0}
1495412549.66659|192.168.0.122|12345|{"type":"data","name":"plate","t":249040,"v":0.7726,"adc":0}
1495412549.67668|192.168.0.122|12345|{"type":"data","name":"plate","t":249050,"v":0.7054,"adc":0}
1495412549.68663|192.168.0.122|12345|{"type":"data","name":"plate","t":249060,"v":0.6311,"adc":0}
1495412549.69659|192.168.0.122|12345|{"type":"data","name":"plate","t":249070,"v":0.5505,"adc":0}
1495412549.70760|192.168.0.122|12345|{"type":"data","name":"plate","t":249080,"v":0.4644,"adc":0}
1495412549.72004|192.168.0.122|12345|{"type":"data","name":"plate","t":249090,"v":0.3737,"adc":0}
1495412549.72654|192.168.0.122|12345|{"type":"data","name":"plate","t":249100,"v":0.2792,"adc":0}
1495412549.73671|192.168.0.122|12345|{"type":"data","name":"plate","t":249110,"v":0.1820,"adc":0}
1495412549.74661|192.168.0.122|12345|{"type":"data","name":"plate","t":249120,"v":0.0829,"adc":0}
1495412549.75661|192.168.0.122|12345|{"type":"data","name":"plate","t":249130,"v":-0.0170,"adc":0}
1495412549.76718|192.168.0.122|12345|{"type":"data","name":"plate","t":249140,"v":-0.1168,"adc":0}
1495412549.77660|192.168.0.122|12345|{"type":"data","name":"plate","t":249150,"v":-0.2153,"adc":0}
1495412549.78668|192.168.0.122|12345|{"type":"data","name":"plate","t":249160,"v":-0.3117,"adc":0}
1495412549.79658|192.168.0.122|12345|{"type":"data","name":"plate","t":249170,"v":-0.4050,"adc":0}
1495412549.80665|192.168.0.122|12345|{"type":"data","name":"plate","t":249180,"v":-0.4943,"adc":0}
1495412549.81735|192.168.0.122|12345|{"type":"data","name":"plate","t":249190,"v":-0.5786,"adc":0}
1495412549.82661|192.168.0.122|12345|{"type":"data","name":"plate","t":249200,"v":-0.6571,"adc":0}
1495412549.83676|192.168.0.122|12345|{"type":"data","name":"plate","t":249210,"v":-0.7291,"adc":0}
1495412549.84657|192.168.0.122|12345|{"type":"data","name":"plate","t":249220,"v":-0.7938,"adc":0}
1495412549.85663|192.168.0.122|12345|{"type":"data","name":"plate","t":249230,"v":-0.8505,"adc":0}
1495412549.86667|192.168.0.122|12345|{"type":"data","name":"plate","t":249240,"v":-0.8988,"adc":0}
1495412549.87659|192.168.0.122|12345|{"type":"data","name":"plate","t":249250,"v":-0.9381,"adc":0}
1495412549.88666|192.168.0.122|12345|{"type":"data","name":"plate","t":249260,"v":-0.9680,"adc":0}
1495412549.89660|192.168.0.122|12345|{"type":"data","name":"plate","t":249270,"v":-0.9882,"adc":0}
1495412549.90664|192.168.0.122|12345|{"type":"data","name":"plate","t":249280,"v":-0.9986,"adc":0}
1495412549.91837|192.168.0.122|12345|{"type":"data","name":"plate","t":249290,"v":-0.9989,"adc":0}
1495412549.92658|192.168.0.122|12345|{"type":"data","name":"plate","t":249300,"v":-0.9893,"adc":0}
1495412549.93668|192.168.0.122|12345|{"type":"data","name":"plate","t":249310,"v":-0.9698,"adc":0}
1495412549.94659|192.168.0.122|12345|{"type":"data","name":"plate","t":249320,"v":-0.9407,"adc":0}
1495412549.95665|192.168.0.122|12345|{"type":"data","name":"plate","t":249330,"v":-0.9021,"adc":0}
1495412549.96665|192.168.0.122|12345|{"type":"data","name":"plate","t":249340,"v":-0.8545,"adc":0}
1495412549.97659|192.168.0.122|12345|{"type":"data","name":"plate","t":249350,"v":-0.7984,"adc":0}
1495412549.98661|192.168.0.122|12345|{"type":"data","name":"plate","t":249360,"v":-0.7343,"adc":0}
1495412549.99657|192.168.0.122|12345|{"type":"data","name":"plate","t":249370,"v":-0.6628,"adc":0}
1495412550.00659|192.168.0.122|12345|{"type":"data","name":"plate","t":249380,"v":-0.5847,"adc":0}
1495412550.01790|192.168.0.122|12345|{"type":"data","name":"plate","t":249390,"v":-0.5008,"adc":0}
1495412550.02875|192.168.0.122|12345|{"type":"data","name":"plate","t":249400,"v":-0.4119,"adc":0}
1495412550.03658|192.168.0.122|12345|{"type":"data","name":"plate","t":249410,"v":-0.3189,"adc":0}
1495412550.04661|192.168.0.122|12345|{"type":"data","name":"plate","t":249420,"v":-0.2227,"adc":0}
1495412550.05668|192.168.0.122|12345|{"type":"data","name":"plate","t":249430,"v":-0.1242,"adc":0}
1495412550.06661|192.168.0.122|12345|{"type":"data","name":"plate","t":249440,"v":-0.0246,"adc":0}
1495412550.07656|192.168.0.122|12345|{"type":"data","name":"plate","t":249450,"v":0.0754,"adc":0}
1495412550.08655|192.168.0.122|12345|{"type":"data","name":"plate","t":249460,"v":0.1745,"adc":0}
1495412550.09662|192.168.0.122|12345|{"type":"data","name":"plate","t":249470,"v":0.2720,"adc":0}
1495412550.10661|192.168.0.122|12345|{"type":"data","name":"plate","t":249480,"v":0.3667,"adc":0}
1495412550.11860|192.168.0.122|12345|{"type":"data","name":"plate","t":249490,"v":0.4577,"adc":0}
1495412550.12804|192.168.0.122|12345|{"type":"data","name":"plate","t":249500,"v":0.5442,"adc":0}
1495412550.13659|192.168.0.122|12345|{"type":"data","name":"plate","t":249510,"v":0.6252,"adc":0}
1495412550.14664|192.168.0.122|12345|{"type":"data","name":"plate","t":249520,"v":0.7000,"adc":0}
1495412550.15661|192.168.0.122|12345|{"type":"data","name":"plate","t":249530,"v":0.7678,"adc":0}
1495412550.16661|192.168.0.122|12345|{"type":"data","name":"plate","t":249540,"v":0.8279,"adc":0}
1495412550.17667|192.168.0.122|12345|{"type":"data","name":"plate","t":249550,"v":0.8798,"adc":0}
1495412550.18657|192.168.0.122|12345|{"type":"data","name":"plate","t":249560,"v":0.9229,"adc":0}
1495412550.19654|192.168.0.122|12345|{"type":"data","name":"plate","t":249570,"v":0.9567,"adc":0}
1495412550.20656|192.168.0.122|12345|{"type":"data","name":"plate","t":249580,"v":0.9810,"adc":0}
1495412550.21794|192.168.0.122|12345|{"type":"data","name":"plate","t":249590,"v":0.9955,"adc":0}
1495412550.22721|192.168.0.122|12345|{"type":"data","name":"plate","t":249600,"v":1.0000,"adc":0}
1495412550.23656|192.168.0.122|12345|{"type":"data","name":"plate","t":249610,"v":0.9945,"adc":0}
1495412550.24662|192.168.0.122|12345|{"type":"data","name":"plate","t":249620,"v":0.9791,"adc":0}
1495412550.25658|192.168.0.122|12345|{"type":"data","name":"plate","t":249630,"v":0.9540,"adc":0}
1495412550.26666|192.168.0.122|12345|{"type":"data","name":"plate","t":249640,"v":0.9192,"adc":0}
1495412550.28092|192.168.0.122|12345|{"type":"data","name":"plate","t":249650,"v":0.8754,"adc":0}
1495412550.28660|192.168.0.122|12345|{"type":"data","name":"plate","t":249660,"v":0.8227,"adc":0}
1495412550.29655|192.168.0.122|12345|{"type":"data","name":"plate","t":249670,"v":0.7618,"adc":0}
1495412550.30667|192.168.0.122|12345|{"type":"data","name":"plate","t":249680,"v":0.6934,"adc":0}
1495412550.31653|192.168.0.122|12345|{"type":"data","name":"plate","t":249690,"v":0.6180,"adc":0}
1495412550.32792|192.168.0.122|12345|{"type":"data","name":"plate","t":249700,"v":0.5364,"adc":0}
1495412550.33664|192.168.0.122|12345|{"type":"data","name":"plate","t":249710,"v":0.4495,"adc":0}
1495412550.34670|192.168.0.122|12345|{"type":"data","name":"plate","t":249720,"v":0.3580,"adc":0}
1495412550.35657|192.168.0.122|12345|{"type":"data","name":"plate","t":249730,"v":0.2630,"adc":0}
1495412550.36664|192.168.0.122|12345|{"type":"data","name":"plate","t":249740,"v":0.1654,"adc":0}
1495412550.37663|192.168.0.122|12345|{"type":"data","name":"plate","t":249750,"v":0.0661,"adc":0}
1495412550.38666|192.168.0.122|12345|{"type":"data","name":"plate","t":249760,"v":-0.0338,"adc":0}
1495412550.39665|192.168.0.122|12345|{"type":"data","name":"plate","t":249770,"v":-0.1334,"adc":1}
1495412550.40654|192.168.0.122|12345|{"type":"data","name":"plate","t":249780,"v":-0.2317,"adc":0}
1495412550.41666|192.168.0.122|12345|{"type":"data","name":"plate","t":249790,"v":-0.3277,"adc":0}
1495412550.42890|192.168.0.122|12345|{"type":"data","name":"plate","t":249800,"v":-0.4204,"adc":0}
1495412550.43659|192.168.0.122|12345|{"type":"data","name":"plate","t":249810,"v":-0.5088,"adc":0}
1495412550.44664|192.168.0.122|12345|{"type":"data","name":"plate","t":249820,"v":-0.5922,"adc":0}
1495412550.45677|192.168.0.122|12345|{"type":"data","name":"plate","t":249830,"v":-0.6697,"adc":0}
1495412550.46663|192.168.0.122|12345|{"type":"data","name":"plate","t":249840,"v":-0.7405,"adc":0}
1495412550.47660|192.168.0.122|12345|{"type":"data","name":"plate","t":249850,"v":-0.8039,"adc":0}
1495412550.48659|192.168.0.122|12345|{"type":"data","name":"plate","t":249860,"v":-0.8593,"adc":0}
1495412550.49658|192.168.0.122|12345|{"type":"data","name":"plate","t":249870,"v":-0.9060,"adc":0}
1495412550.50657|192.168.0.122|12345|{"type":"data","name":"plate","t":249880,"v":-0.9438,"adc":0}
1495412550.51656|192.168.0.122|12345|{"type":"data","name":"plate","t":249890,"v":-0.9721,"adc":1}
1495412550.52845|192.168.0.122|12345|{"type":"data","name":"plate","t":249900,"v":-0.9906,"adc":0}
1495412550.53758|192.168.0.122|12345|{"type":"data","name":"plate","t":249910,"v":-0.9993,"adc":0}
1495412550.54671|192.168.0.122|12345|{"type":"data","name":"plate","t":249920,"v":-0.9980,"adc":0}
1495412550.55668|192.168.0.122|12345|{"type":"data","name":"plate","t":249930,"v":-0.9867,"adc":0}
1495412550.56657|192.168.0.122|12345|{"type":"data","name":"plate","t":249940,"v":-0.9656,"adc":0}
1495412550.57664|192.168.0.122|12345|{"type":"data","name":"plate","t":249950,"v":-0.9348,"adc":0}
1495412550.58662|192.168.0.122|12345|{"type":"data","name":"plate","t":249960,"v":-0.8947,"adc":0}
1495412550.59660|192.168.0.122|12345|{"type":"data","name":"plate","t":249970,"v":-0.8456,"adc":0}
1495412550.60660|192.168.0.122|12345|{"type":"data","name":"plate","t":249980,"v":-0.7881,"adc":0}
1495412550.61658|192.168.0.122|12345|{"type":"data","name":"plate","t":249990,"v":-0.7227,"adc":0}
1495412550.62912|192.168.0.122|12345|{"type":"data","name":"plate","t":250000,"v":-0.6501,"adc":0}
1495412550.63991|192.168.0.122|12345|{"type":"data","name":"plate","t":250010,"v":-0.5710,"adc":0}
1495412550.64662|192.168.0.122|12345|{"type":"data","name":"plate","t":250020,"v":-0.4862,"adc":0}
1495412550.65661|192.168.0.122|12345|{"type":"data","name":"plate","t":250030,"v":-0.3965,"adc":0}
1495412550.66666|192.168.0.122|12345|{"type":"data","name":"plate","t":250040,"v":-0.3029,"adc":0}
1495412550.67664|192.168.0.122|12345|{"type":"data","name":"plate","t":250050,"v":-0.2063,"adc":0}
1495412550.69105|192.168.0.122|12345|{"type":"data","name":"plate","t":250060,"v":-0.1075,"adc":0}
1495412550.69653|192.168.0.122|12345|{"type":"data","name":"plate","t":250070,"v":-0.0078,"adc":0}
1495412550.70656|192.168.0.122|12345|{"type":"data","name":"plate","t":250080,"v":0.0921,"adc":0}
1495412550.71664|192.168.0.122|12345|{"type":"data","name":"plate","t":250090,"v":0.1911,"adc":0}
1495412550.72664|192.168.0.122|12345|{"type":"data","name":"plate","t":250100,"v":0.2881,"adc":0}
1495412550.73751|192.168.0.122|12345|{"type":"data","name":"plate","t":250110,"v":0.3823,"adc":0}
1495412550.74649|192.168.0.122|12345|{"type":"data","name":"plate","t":250120,"v":0.4726,"adc":0}
1495412550.75668|192.168.0.122|12345|{"type":"data","name":"plate","t":250130,"v":0.5582,"adc":0}
1495412550.76663|192.168.0.122|12345|{"type":"data","name":"plate","t":250140,"v":0.6383,"adc":0}
1495412550.77668|192.168.0.122|12345|{"type":"data","name":"plate","t":250150,"v":0.7119,"adc":0}
1495412550.78668|192.168.0.122|12345|{"type":"data","name":"plate","t":250160,"v":0.7785,"adc":0}
1495412550.79662|192.168.0.122|12345|{"type":"data","name":"plate","t":250170,"v":0.8373,"adc":0}
1495412550.80665|192.168.0.122|12345|{"type":"data","name":"plate","t":250180,"v":0.8877,"adc":0}
1495412550.81657|192.168.0.122|12345|{"type":"data","name":"plate","t":250190,"v":0.9292,"adc":0}
1495412550.82669|192.168.0.122|12345|{"type":"data","name":"plate","t":250200,"v":0.9615,"adc":0}
1495412550.83704|192.168.0.122|12345|{"type":"data","name":"plate","t":250210,"v":0.9841,"adc":0}
1495412550.84652|192.168.0.122|12345|{"type":"data","name":"plate","t":250220,"v":0.9969,"adc":0}
1495412550.85664|192.168.0.122|12345|{"type":"data","name":"plate","t":250230,"v":0.9998,"adc":0}
1495412550.86669|192.168.0.122|12345|{"type":"data","name":"plate","t":250240,"v":0.9926,"adc":0}
1495412550.87669|192.168.0.122|12345|{"type":"data","name":"plate","t":250250,"v":0.9756,"adc":0}
1495412550.88666|192.168.0.122|12345|{"type":"data","name":"plate","t":250260,"v":0.9488,"adc":0}
1495412550.89660|192.168.0.122|12345|{"type":"data","name":"plate","t":250270,"v":0.9125,"adc":0}
1495412550.90662|192.168.0.122|12345|{"type":"data","name":"plate","t":250280,"v":0.8671,"adc":0}
1495412550.91670|192.168.0.122|12345|{"type":"data","name":"plate","t":250290,"v":0.8130,"adc":0}
1495412550.92660|192.168.0.122|12345|{"type":"data","name":"plate","t":250300,"v":0.7508,"adc":0}
1495412550.93777|192.168.0.122|12345|{"type":"data","name":"plate","t":250310,"v":0.6812,"adc":0}
1495412550.94706|192.168.0.122|12345|{"type":"data","name":"plate","t":250320,"v":0.6047,"adc":0}
1495412550.95666|192.168.0.122|12345|{"type":"data","name":"plate","t":250330,"v":0.5221,"adc":0}
1495412550.96669|192.168.0.122|12345|{"type":"data","name":"plate","t":250340,"v":0.4344,"adc":0}
1495412550.97654|192.168.0.122|12345|{"type":"data","name":"plate","t":250350,"v":0.3423,"adc":0}
1495412550.98654|192.168.0.122|12345|{"type":"data","name":"plate","t":250360,"v":0.2468,"adc":0}
1495412550.99656|192.168.0.122|12345|{"type":"data","name":"plate","t":250370,"v":0.1488,"adc":0}
1495412551.00659|192.168.0.122|12345|{"type":"data","name":"plate","t":250380,"v":0.0493,"adc":0}
1495412551.01663|192.168.0.122|12345|{"type":"data","name":"plate","t":250390,"v":-0.0506,"adc":0}
1495412551.02658|192.168.0.122|12345|{"type":"data","name":"plate","t":250400,"v":-0.1501,"adc":0}
1495412551.03724|192.168.0.122|12345|{"type":"data","name":"plate","t":250410,"v":-0.2480,"adc":0}
1495412551.04958|192.168.0.122|12345|{"type":"data","name":"plate","t":250420,"v":-0.3435,"adc":0}
1495412551.05663|192.168.0.122|12345|{"type":"data","name":"plate","t":250430,"v":-0.4356,"adc":0}
1495412551.06667|192.168.0.122|12345|{"type":"data","name":"plate","t":250440,"v":-0.5232,"adc":0}
1495412551.07660|192.168.0.122|12345|{"type":"data","name":"plate","t":250450,"v":-0.6057,"adc":0}
1495412551.08662|192.168.0.122|12345|{"type":"data","name":"plate","t":250460,"v":-0.6821,"adc":0}
1495412551.09828|192.168.0.122|12345|{"type":"data","name":"plate","t":250470,"v":-0.7517,"adc":0}
1495412551.10654|192.168.0.122|12345|{"type":"data","name":"plate","t":250480,"v":-0.8138,"adc":0}
1495412551.11663|192.168.0.122|12345|{"type":"data","name":"plate","t":250490,"v":-0.8677,"adc":0}
1495412551.12661|192.168.0.122|12345|{"type":"data","name":"plate","t":250500,"v":-0.9130,"adc":0}
1495412551.13663|192.168.0.122|12345|{"type":"data","name":"plate","t":250510,"v":-0.9492,"adc":0}
1495412551.14729|192.168.0.122|12345|{"type":"data","name":"plate","t":250520,"v":-0.9759,"adc":0}
1495412551.15714|192.168.0.122|12345|{"type":"data","name":"plate","t":250530,"v":-0.9928,"adc":0}
1495412551.16674|192.168.0.122|12345|{"type":"data","name":"plate","t":250540,"v":-0.9998,"adc":0}
1495412551.17665|192.168.0.122|12345|{"type":"data","name":"plate","t":250550,"v":-0.9968,"adc":0}
1495412551.18665|192.168.0.122|12345|{"type":"data","name":"plate","t":250560,"v":-0.9839,"adc":0}
1495412551.19658|192.168.0.122|12345|{"type":"data","name":"plate","t":250570,"v":-0.9611,"adc":0}
1495412551.20664|192.168.0.122|12345|{"type":"data","name":"plate","t":250580,"v":-0.9287,"adc":0}
1495412551.21661|192.168.0.122|12345|{"type":"data","name":"plate","t":250590,"v":-0.8871,"adc":0}
1495412551.22668|192.168.0.122|12345|{"type":"data","name":"plate","t":250600,"v":-0.8365,"adc":0}
1495412551.23667|192.168.0.122|12345|{"type":"data","name":"plate","t":250610,"v":-0.7777,"adc":0}
1495412551.24804|192.168.0.122|12345|{"type":"data","name":"plate","t":250620,"v":-0.7110,"adc":0}
1495412551.25754|192.168.0.122|12345|{"type":"data","name":"plate","t":250630,"v":-0.6373,"adc":0}
1495412551.26664|192.168.0.122|12345|{"type":"data","name":"plate","t":250640,"v":-0.5571,"adc":0}
1495412551.27669|192.168.0.122|12345|{"type":"data","name":"plate","t":250650,"v":-0.4715,"adc":0}
1495412551.28661|192.168.0.122|12345|{"type":"data","name":"plate","t":250660,"v":-0.3811,"adc":0}
1495412551.29664|192.168.0.122|12345|{"type":"data","name":"plate","t":250670,"v":-0.2869,"adc":0}
1495412551.30665|192.168.0.122|12345|{"type":"data","name":"plate","t":250680,"v":-0.1898,"adc":0}
1495412551.31667|192.168.0.122|12345|{"type":"data","name":"plate","t":250690,"v":-0.0908,"adc":0}
1495412551.32661|192.168.0.122|12345|{"type":"data","name":"plate","t":250700,"v":0.0091,"adc":0}
1495412551.33654|192.168.0.122|12345|{"type":"data","name":"plate","t":250710,"v":0.1088,"adc":0}
1495412551.34765|192.168.0.122|12345|{"type":"data","name":"plate","t":250720,"v":0.2075,"adc":0}
1495412551.35846|192.168.0.122|12345|{"type":"data","name":"plate","t":250730,"v":0.3042,"adc":0}
1495412551.36657|192.168.0.122|12345|{"type":"data","name":"plate","t":250740,"v":0.3977,"adc":0}
1495412551.37668|192.168.0.122|12345|{"type":"data","name":"plate","t":250750,"v":0.4874,"adc":0}
1495412551.38663|192.168.0.122|12345|{"type":"data","name":"plate","t":250760,"v":0.5721,"adc":0}
1495412551.39655|192.168.0.122|12345|{"type":"data","name":"plate","t":250770,"v":0.6511,"adc":0}
1495412551.40662|192.168.0.122|12345|{"type":"data","name":"plate","t":250780,"v":0.7236,"adc":0}
1495412551.41658|192.168.0.122|12345|{"type":"data","name":"plate","t":250790,"v":0.7889,"adc":0}
1495412551.42662|192.168.0.122|12345|{"type":"data","name":"plate","t":250800,"v":0.8463,"adc":0}
1495412551.43659|192.168.0.122|12345|{"type":"data","name":"plate","t":250810,"v":0.8953,"adc":0}
1495412551.44826|192.168.0.122|12345|{"type":"data","name":"plate","t":250820,"v":0.9353,"adc":0}
1495412551.45752|192.168.0.122|12345|{"type":"data","name":"plate","t":250830,"v":0.9659,"adc":0}
1495412551.46667|192.168.0.122|12345|{"type":"data","name":"plate","t":250840,"v":0.9869,"adc":0}
1495412551.47668|192.168.0.122|12345|{"type":"data","name":"plate","t":250850,"v":0.9981,"adc":0}
1495412551.48664|192.168.0.122|12345|{"type":"data","name":"plate","t":250860,"v":0.9993,"adc":0}
1495412551.49661|192.168.0.122|12345|{"type":"data","name":"plate","t":250870,"v":0.9905,"adc":0}
1495412551.50779|192.168.0.122|12345|{"type":"data","name":"plate","t":250880,"v":0.9717,"adc":0}
1495412551.51668|192.168.0.122|12345|{"type":"data","name":"plate","t":250890,"v":0.9433,"adc":0}
1495412551.52666|192.168.0.122|12345|{"type":"data","name":"plate","t":250900,"v":0.9055,"adc":0}
1495412551.53660|192.168.0.122|12345|{"type":"data","name":"plate","t":250910,"v":0.8586,"adc":0}
1495412551.54658|192.168.0.122|12345|{"type":"data","name":"plate","t":250920,"v":0.8031,"adc":0}
1495412551.55825|192.168.0.122|12345|{"type":"data","name":"plate","t":250930,"v":0.7396,"adc":0}
1495412551.56650|192.168.0.122|12345|{"type":"data","name":"plate","t":250940,"v":0.6688,"adc":0}
1495412551.57669|192.168.0.122|12345|{"type":"data","name":"plate","t":250950,"v":0.5912,"adc":0}
1495412551.58689|192.168.0.122|12345|{"type":"data","name":"plate","t":250960,"v":0.5077,"adc":0}
1495412551.59665|192.168.0.122|12345|{"type":"data","name":"plate","t":250970,"v":0.4192,"adc":0}
1495412551.60660|192.168.0.122|12345|{"type":"data","name":"plate","t":250980,"v":0.3264,"adc":0}
1495412551.61655|192.168.0.122|12345|{"type":"data","name":"plate","t":250990,"v":0.2304,"adc":0}
1495412551.62657|192.168.0.122|12345|{"type":"data","name":"plate","t":251000,"v":0.1321,"adc":1}
1495412551.63661|192.168.0.122|12345|{"type":"data","name":"plate","t":251010,"v":0.0325,"adc":0}
1495412551.64657|192.168.0.122|12345|{"type":"data","name":"plate","t":251020,"v":-0.0674,"adc":0}
1495412551.65766|192.168.0.122|12345|{"type":"data","name":"plate","t":251030,"v":-0.1667,"adc":0}
1495412551.66686|192.168.0.122|12345|{"type":"data","name":"plate","t":251040,"v":-0.2643,"adc":0}
1495412551.67656|192.168.0.122|12345|{"type":"data","name":"plate","t":251050,"v":-0.3593,"adc":0}
1495412551.68667|192.168.0.122|12345|{"type":"data","name":"plate","t":251060,"v":-0.4506,"adc":0}
1495412551.69663|192.168.0.122|12345|{"type":"data","name":"plate","t":251070,"v":-0.5375,"adc":0}
1495412551.70666|192.168.0.122|12345|{"type":"data","name":"plate","t":251080,"v":-0.6190,"adc":0}
1495412551.71660|192.168.0.122|12345|{"type":"data","name":"plate","t":251090,"v":-0.6943,"adc":0}
1495412551.72658|192.168.0.122|12345|{"type":"data","name":"plate","t":251100,"v":-0.7627,"adc":0}
1495412551.73661|192.168.0.122|12345|{"type":"data","name":"plate","t":251110,"v":-0.8235,"adc":0}
1495412551.74665|192.168.0.122|12345|{"type":"data","name":"plate","t":251120,"v":-0.8760,"adc":0}
1495412551.75997|192.168.0.122|12345|{"type":"data","name":"plate","t":251130,"v":-0.9198,"adc":0}
1495412551.76939|192.168.0.122|12345|{"type":"data","name":"plate","t":251140,"v":-0.9543,"adc":0}
1495412551.77661|192.168.0.122|12345|{"type":"data","name":"plate","t":251150,"v":-0.9794,"adc":0}
1495412551.78681|192.168.0.122|12345|{"type":"data","name":"plate","t":251160,"v":-0.9947,"adc":0}
1495412551.79665|192.168.0.122|12345|{"type":"data","name":"plate","t":251170,"v":-1.0000,"adc":0}
1495412551.80658|192.168.0.122|12345|{"type":"data","name":"plate","t":251180,"v":-0.9953,"adc":0}
1495412551.81658|192.168.0.122|12345|{"type":"data","name":"plate","t":251190,"v":-0.9807,"adc":0}
1495412551.82668|192.168.0.122|12345|{"type":"data","name":"plate","t":251200,"v":-0.9563,"adc":0}
